date,geography,geography code,Number of bedrooms: Total: All households,Number of bedrooms: 1 bedroom,Number of bedrooms: 2 bedrooms,Number of bedrooms: 3 bedrooms,Number of bedrooms: 4 or more bedrooms
2021,North East,E12000001,1175680,95203,357127,522456,200894
2021,North West,E12000002,3153405,294019,871719,1402116,585551
2021,Yorkshire and The Humber,E12000003,2330660,227095,639465,1004091,460009
2021,East Midlands,E12000004,2037329,163213,527852,897211,449053
2021,West Midlands,E12000005,2429493,234447,603661,1107082,484303
2021,East,E12000006,2628782,281979,678287,1039801,628715
2021,London,E12000007,3423890,727298,1073451,1010212,612929
2021,South East,E12000008,3807966,441562,985867,1426853,953684
2021,South West,E12000009,2448881,258357,657291,963649,569584
2021,Wales,W92000004,1347114,102862,321013,646244,276995
